{"cameraMode":{"drawMode":0,"name":"Shaded","section":"Shading Mode"},"sceneLighting":false,"audioPlay":false,"sceneViewState":{"m_AlwaysRefresh":false,"showFog":true,"showSkybox":false,"showFlares":true,"showImageEffects":true,"showParticleSystems":true,"showVisualEffectGraphs":true,"m_FxEnabled":true},"in2DMode":false,"pivot":{"x":-0.013172149658203125,"y":0.43975281715393069,"z":8.851016998291016},"rotation":{"x":0.12970879673957826,"y":-0.6314758062362671,"z":0.1083151325583458,"w":0.7566901445388794},"size":3.384563684463501,"orthographic":false}